,City,Cloudiness,Country,Date,Humidity,Lat,Lng,Max Temp,Wind Speed
0,tuktoyaktuk,75,CA,1535587200,70,69.44,-133.03,46.4,10.29
1,chabahar,12,IR,1535590867,100,25.29,60.65,80.35,7.43
2,vaini,92,IN,1535590868,98,15.34,74.49,69.28,5.75
3,port hardy,75,CA,1535587860,93,50.7,-127.42,57.2,2.24
4,iqaluit,75,CA,1535587200,75,63.75,-68.52,42.8,18.34
5,sorland,92,NO,1535590869,94,67.67,12.69,55.42,19.06
6,rikitea,0,PF,1535590870,96,-23.12,-134.97,75.22,16.49
7,xichang,36,CN,1535590870,90,27.88,102.25,58.21,1.83
8,longyearbyen,75,NO,1535586600,70,78.22,15.63,44.6,16.11
9,kabo,20,CF,1535590871,91,7.69,18.62,72.88,2.95
10,gemena,20,CD,1535590872,99,3.25,19.78,71.26,2.62
11,bredasdorp,92,ZA,1535587200,77,-34.53,20.04,59.0,8.05
12,harbour breton,0,CA,1535590873,86,47.48,-55.8,66.04,9.89
13,arawa,68,NG,1535590873,97,7.05,3.9,72.52,3.18
14,belaya gora,0,RU,1535590874,62,68.54,146.19,59.38,6.2
15,albany,90,US,1535587080,60,42.65,-73.75,82.94,12.75
16,nikolskoye,90,RU,1535587200,93,59.7,30.79,59.0,6.71
17,mataura,32,NZ,1535590876,95,-46.19,168.86,51.46,5.53
18,ushtobe,8,KZ,1535590876,69,45.25,77.98,49.3,6.64
19,gbarnga,92,LR,1535590877,98,7.0,-9.47,71.53,5.19
20,krasnoyarskiy,8,RU,1535590877,84,51.97,59.9,50.11,2.73
21,vila franca do campo,75,PT,1535589000,88,37.72,-25.43,73.4,8.05
22,canutama,48,BR,1535590878,87,-6.53,-64.38,79.45,0.83
23,omboue,92,GA,1535590879,100,-1.57,9.26,75.85,11.12
24,busselton,76,AU,1535590879,100,-33.64,115.35,56.95,21.63
25,tasiilaq,92,GL,1535586600,80,65.61,-37.64,41.0,19.46
26,tuatapere,88,NZ,1535590937,100,-46.13,167.69,48.04,4.29
27,hirara,40,JP,1535587200,79,24.8,125.28,86.0,4.7
28,kilimatinde,0,TZ,1535590884,69,-5.75,34.82,55.15,5.3
29,candido mendes,8,BR,1535590885,98,-1.45,-45.72,80.53,14.7
30,yellowknife,75,CA,1535587200,58,62.45,-114.38,57.2,6.93
31,vila velha,75,BR,1535587200,78,-3.71,-38.6,78.8,14.99
32,mount isa,0,AU,1535589000,14,-20.73,139.49,82.4,12.75
33,port alfred,0,ZA,1535590887,94,-33.59,26.89,61.18,5.75
34,upernavik,56,GL,1535590888,100,72.79,-56.15,37.24,20.85
35,nanortalik,92,GL,1535590889,97,60.14,-45.24,41.2,30.58
36,heyang,88,CN,1535590890,85,26.1,107.47,73.15,3.4
37,shimoda,20,JP,1535587260,74,34.7,138.93,84.2,17.22
38,soyo,8,AO,1535590891,98,-6.13,12.37,68.29,3.74
39,seaham,0,GB,1535586600,87,54.84,-1.34,51.8,3.36
40,cape town,0,ZA,1535587200,87,-33.93,18.42,55.4,9.17
41,kedrovoye,40,RU,1535587200,87,57.16,60.57,60.8,6.71
42,punta arenas,20,CL,1535587200,74,-53.16,-70.91,33.8,11.41
43,punto fijo,0,VE,1535590950,64,11.69,-70.21,85.3,23.31
44,new norfolk,20,AU,1535589000,65,-42.78,147.06,46.4,9.17
45,avanigadda,20,IN,1535589000,94,16.02,80.92,80.6,2.28
46,saskylakh,0,RU,1535590896,89,71.97,114.09,59.56,15.37
47,kapaa,40,US,1535586960,79,22.08,-159.32,86.0,13.87
48,marawi,36,PH,1535590897,94,8.0,124.29,72.7,2.73
49,gizo,20,IL,1535588400,69,31.8,34.94,78.8,2.24
50,saldanha,0,PT,1535590898,77,41.42,-6.55,59.47,1.72
51,bonavista,0,CA,1535590898,100,48.65,-53.11,57.4,16.93
52,hambantota,24,LK,1535590687,100,6.12,81.12,78.46,14.25
53,ahuimanu,40,US,1535587020,67,21.44,-157.84,87.98,11.41
54,upata,32,VE,1535590956,82,8.02,-62.41,76.3,3.74
55,carnarvon,0,ZA,1535590901,57,-30.97,22.13,34.9,5.75
56,hobart,20,AU,1535589000,65,-42.88,147.33,46.4,9.17
57,da lat,32,VN,1535590901,79,11.95,108.44,69.64,8.32
58,mucurapo,20,TT,1535587200,88,10.67,-61.53,80.6,4.7
59,kalangala,90,UG,1535589000,93,-0.32,32.29,66.2,6.93
60,arraial do cabo,0,BR,1535590903,92,-22.97,-42.02,70.18,15.14
61,thompson,75,CA,1535587200,62,55.74,-97.86,57.2,8.05
62,hermanus,36,ZA,1535590905,97,-34.42,19.24,39.85,3.96
63,yabrud,0,SY,1535587200,60,33.97,36.66,71.6,6.93
64,port blair,92,IN,1535590906,100,11.67,92.75,77.74,16.6
65,riyadh,0,SA,1535587200,21,24.63,46.72,84.2,3.36
66,kavieng,76,PG,1535590907,100,-2.57,150.8,84.04,7.31
67,avarua,40,CK,1535587200,46,-21.21,-159.78,73.4,17.22
68,hilo,90,US,1535586960,69,19.71,-155.08,82.04,9.17
69,la grande,1,US,1535586960,13,45.32,-118.09,87.08,8.05
70,trinidad,92,UY,1535590863,85,-33.52,-56.9,67.21,12.12
71,acapulco,40,MX,1535586180,74,16.86,-99.88,86.0,3.36
72,mar del plata,0,AR,1535590864,50,-46.43,-67.52,44.8,16.15
73,mackenzie,90,CA,1535587200,87,55.34,-123.09,51.8,8.05
74,evensk,36,RU,1535590911,85,61.92,159.24,55.69,3.18
75,wanxian,0,CN,1535590912,88,30.8,108.39,76.93,2.95
76,campo de criptana,0,ES,1535590913,77,39.41,-3.13,66.76,10.78
77,igarka,88,RU,1535590913,84,67.47,86.57,43.27,18.05
78,bethel,90,US,1535589180,96,60.79,-161.76,51.08,12.75
79,sorong,56,ID,1535590915,100,-0.86,131.25,80.08,13.47
80,barrow,0,AR,1535590915,72,-38.31,-60.23,49.84,10.78
81,katangli,100,RU,1535590916,99,51.71,143.23,54.7,8.66
82,bluff,0,AU,1535590916,28,-23.58,149.07,67.48,4.41
83,ushuaia,90,AR,1535587200,80,-54.81,-68.31,30.2,17.22
84,gazojak,0,TM,1535590917,55,41.19,61.4,62.44,10.89
85,geraldton,20,CA,1535587200,62,49.72,-86.95,55.4,3.36
86,kaitangata,0,NZ,1535590918,85,-46.28,169.85,52.45,10.0
87,nome,1,US,1535590380,76,30.04,-94.42,81.68,4.7
88,sao felix do xingu,24,BR,1535590919,67,-6.64,-51.99,79.0,3.06
89,kruisfontein,0,ZA,1535590919,95,-34.0,24.73,55.06,5.86
90,fuengirola,0,ES,1535589000,83,36.54,-4.62,69.8,3.36
91,manta,80,RO,1535590921,91,45.1,24.1,63.7,3.29
92,katsuura,40,JP,1535587200,69,33.93,134.5,82.4,3.36
93,chokurdakh,0,RU,1535590922,63,70.62,147.9,58.57,7.65
94,butaritari,0,KI,1535590923,100,3.07,172.79,84.04,2.95
95,palmer,0,AU,1535589000,24,-34.85,139.16,66.2,18.34
96,annigeri,80,IN,1535590925,96,15.43,75.43,69.28,10.67
97,ribeira grande,88,PT,1535590925,97,38.52,-28.7,76.21,16.15
98,tiksi,24,RU,1535590926,79,71.64,128.87,58.03,12.01
99,arman,20,RU,1535587200,63,59.7,150.17,60.8,6.71
100,taoudenni,0,ML,1535590927,19,22.68,-3.98,82.15,2.62
101,los llanos de aridane,0,ES,1535589000,64,28.66,-17.92,75.2,19.46
102,port hedland,0,AU,1535589000,42,-20.31,118.58,66.2,13.87
103,atuona,0,PF,1535590929,100,-9.8,-139.03,79.18,14.03
104,gornopravdinsk,0,RU,1535590930,87,60.06,69.92,56.5,5.19
105,yeppoon,20,AU,1535589000,49,-23.13,150.74,73.4,9.17
106,te anau,0,NZ,1535590931,92,-45.41,167.72,46.96,3.51
107,pemberton,92,AU,1535590932,83,-34.44,116.03,53.71,17.83
108,torbay,90,CA,1535588700,87,47.66,-52.73,53.6,10.29
109,juneau,75,US,1535586960,64,58.3,-134.42,64.04,4.7
110,hasaki,40,JP,1535589000,74,35.73,140.83,86.0,8.05
111,suntar,68,RU,1535590935,89,62.16,117.65,62.71,4.97
112,saint george,0,GR,1535586600,60,39.45,22.34,69.8,4.7
113,lavrentiya,56,RU,1535590936,99,65.58,-170.99,44.17,10.45
114,prado,48,BR,1535590937,94,-17.34,-39.22,76.84,16.26
115,salalah,90,OM,1535586600,94,17.01,54.1,75.2,4.7
116,george,40,NG,1535587200,94,6.63,3.35,77.0,2.24
117,ouargaye,8,BF,1535590939,94,11.5,0.06,74.68,5.75
118,talnakh,76,RU,1535590939,95,69.49,88.39,39.67,14.36
119,solwezi,20,ZM,1535590940,54,-12.18,26.4,58.48,9.66
120,sheridan,1,US,1535589300,2,39.65,-105.03,87.98,3.36
121,bambous virieux,20,MU,1535590800,82,-20.34,57.76,60.8,5.82
122,lubango,0,AO,1535590942,89,-14.92,13.49,54.88,2.17
123,solnechnyy,100,RU,1535590943,100,50.72,136.64,57.58,5.75
124,puerto ayora,40,EC,1535587200,69,-0.74,-90.35,73.4,14.99
125,tura,76,IN,1535590944,99,25.52,90.21,75.4,2.95
126,mehamn,12,NO,1535590944,74,71.03,27.85,56.05,15.48
127,vicosa do ceara,44,BR,1535590793,48,-3.56,-41.09,78.64,4.29
128,elizabeth city,1,US,1535590560,76,36.3,-76.22,84.92,8.21
129,qaanaaq,20,GL,1535590946,100,77.48,-69.36,32.74,2.73
130,naze,75,NG,1535587200,94,5.43,7.07,75.2,2.51
131,mamou,92,GN,1535590947,98,10.37,-12.08,67.48,3.4
132,kudahuvadhoo,80,MV,1535590948,100,2.67,72.89,83.5,9.22
133,bandarbeyla,88,SO,1535590948,82,9.49,50.81,73.42,27.89
134,ereymentau,68,KZ,1535590949,90,51.62,73.1,50.56,4.74
135,namatanai,56,PG,1535590949,97,-3.66,152.44,83.77,9.22
136,metro,76,ID,1535590949,92,-5.11,105.31,77.38,0.6
137,mahenge,48,TZ,1535590950,53,-8.68,36.72,71.44,5.86
138,jamestown,92,AU,1535590951,22,-33.21,138.6,65.77,27.34
139,panjab,0,AF,1535590951,84,34.38,67.02,31.39,2.06
140,cabo san lucas,40,MX,1535586120,62,22.89,-109.91,86.0,4.7
141,souillac,0,FR,1535589000,87,45.6,-0.6,57.2,6.64
142,prince rupert,1,CA,1535587200,82,54.32,-130.32,59.0,9.17
143,ilulissat,75,GL,1535586600,69,69.22,-51.1,37.4,9.17
144,nizwa,44,OM,1535590954,77,22.93,57.53,68.65,1.72
145,rock springs,1,US,1535590440,4,41.59,-109.2,75.02,13.87
146,san patricio,8,PY,1535590955,41,-26.98,-56.83,83.14,6.64
147,wicklow,75,IE,1535589000,87,53.0,-6.42,48.2,6.93
148,bilibino,0,RU,1535590956,68,68.06,166.44,48.85,2.95
149,chapais,90,CA,1535589000,100,49.78,-74.86,48.2,8.05
150,hithadhoo,64,MV,1535590957,100,-0.6,73.08,83.05,7.65
151,saint-philippe,1,CA,1535590500,85,45.36,-73.48,77.0,18.28
152,mount gambier,56,AU,1535590849,93,-37.83,140.78,50.92,10.78
153,faya,40,SA,1535587200,88,18.39,42.45,64.4,4.7
154,dongsheng,64,CN,1535590959,91,29.72,112.52,82.15,5.41
155,pangnirtung,92,CA,1535590959,98,66.15,-65.72,38.05,2.39
156,falun,24,SE,1535588400,100,60.61,15.63,57.2,3.36
157,yulara,75,AU,1535587200,35,-25.24,130.99,73.4,18.34
158,lagos,40,NG,1535587200,94,6.46,3.39,77.0,2.24
159,samarai,92,PG,1535590961,100,-10.62,150.67,77.47,19.84
160,sur,20,OM,1535590962,92,22.57,59.53,82.6,11.01
161,bayan,92,MN,1535590963,100,47.25,107.54,52.54,8.99
162,fairbanks,40,US,1535587080,56,64.84,-147.72,57.92,6.93
163,san cristobal,20,EC,1535587200,76,-0.39,-78.55,53.6,12.75
164,alice springs,0,AU,1535589060,8,-23.7,133.88,80.6,21.92
165,alofi,75,NU,1535587200,65,-19.06,-169.92,77.0,16.11
166,morwell,36,AU,1535590966,74,-38.24,146.4,47.23,2.95
167,abu kamal,0,SY,1535590966,29,34.45,40.92,81.16,5.86
168,zapolyarnyy,20,RU,1535588400,76,69.43,30.82,53.6,25.28
169,severo-kurilsk,44,RU,1535590967,91,50.68,156.12,53.17,5.97
170,narsaq,92,GL,1535586600,61,60.91,-46.05,46.4,32.21
171,east london,0,ZA,1535590941,99,-33.02,27.91,68.38,12.8
172,dikson,24,RU,1535590968,100,73.51,80.55,41.11,25.43
173,salinopolis,0,BR,1535590969,97,-0.61,-47.36,80.62,14.25
174,norman wells,40,CA,1535587200,62,65.28,-126.83,51.8,10.29
175,debre sina,92,ET,1535590970,95,9.85,39.76,54.7,2.39
176,vao,88,EE,1535590971,99,59.1,26.19,57.31,3.96
177,sibolga,76,ID,1535590971,98,1.74,98.78,70.0,2.28
178,poum,12,MK,1535590971,85,41.28,20.71,56.68,1.39
179,aykhal,92,RU,1535590972,94,65.95,111.51,54.52,3.74
180,wonthaggi,44,AU,1535590973,77,-38.6,145.59,47.14,2.95
181,heidenheim,90,DE,1535589600,93,49.02,10.74,64.4,11.41
182,dunedin,0,NZ,1535590798,86,-45.87,170.5,52.27,3.62
183,pisco,90,PE,1535587200,82,-13.71,-76.2,62.6,16.11
184,ahipara,0,NZ,1535590974,84,-35.17,173.16,58.84,6.2
185,port keats,0,AU,1535590975,81,-14.25,129.55,78.55,6.31
186,albanel,90,CA,1535587200,100,48.88,-72.44,53.6,9.17
187,tikhvin,64,RU,1535590976,95,59.64,33.53,58.75,6.31
188,atar,64,MR,1535590977,45,20.52,-13.05,86.11,2.17
189,hudson bay,12,CA,1535590977,73,52.86,-102.4,65.14,4.29
190,klaksvik,76,FO,1535588400,93,62.23,-6.59,46.4,1.12
191,kahului,40,US,1535586960,61,20.89,-156.47,86.0,21.92
192,sayansk,0,RU,1535590979,91,54.11,102.18,49.39,2.62
193,galle,1,US,1535590560,65,29.74,-97.91,86.0,9.17
194,khani,75,GE,1535589000,94,41.96,42.96,71.6,3.36
195,roald,12,NO,1535588400,71,62.58,6.12,55.4,16.11
196,luderitz,0,NA,1535590981,61,-26.65,15.16,58.3,2.28
197,krasnokamensk,0,RU,1535590981,61,50.1,118.04,60.55,4.29
198,kutum,12,SD,1535590982,31,14.2,24.66,73.24,7.2
199,umaria,92,IN,1535590983,98,23.52,80.84,72.34,8.43
200,west bay,40,GB,1535588400,87,50.71,-2.76,53.6,2.24
201,chara,0,GR,1535586600,60,39.42,22.43,69.8,4.7
202,provideniya,90,RU,1535587200,75,64.42,-173.23,46.4,13.42
203,chuy,92,UY,1535590985,94,-33.69,-53.46,63.34,10.33
204,jumla,88,NP,1535590985,92,29.28,82.18,38.68,2.62
205,cherskiy,8,RU,1535590986,67,68.75,161.3,52.0,4.63
206,tangara,24,BI,1535590987,89,-2.92,29.97,53.35,2.95
207,faanui,92,PF,1535590987,100,-16.48,-151.75,76.66,23.53
208,mayumba,92,GA,1535591044,99,-3.44,10.65,72.88,7.2
209,cayenne,0,GF,1535589000,88,4.94,-52.33,78.8,10.0
210,santa rosa,32,AR,1535590992,37,-36.62,-64.29,58.84,14.14
211,troitsk,20,RU,1535590992,91,54.08,61.55,56.59,4.29
212,bira,76,RU,1535590993,98,49.0,132.47,62.17,2.84
213,mahebourg,20,MU,1535590800,82,-20.41,57.7,60.8,5.82
214,vestmanna,76,FO,1535588400,93,62.16,-7.17,46.4,1.12
215,oranjestad,40,AW,1535587200,79,12.52,-70.03,84.2,17.22
216,clarence town,20,AU,1535589000,51,-32.59,151.78,59.0,11.41
217,mount pleasant,40,US,1535590560,72,33.16,-94.97,93.56,6.93
218,nouakchott,8,MR,1535590996,100,18.08,-15.98,79.27,11.12
219,abu zabad,48,SD,1535590997,82,12.35,29.25,72.61,8.66
220,chumikan,80,RU,1535590997,93,54.72,135.31,57.67,4.07
221,krasnoarmeysk,0,RU,1535587200,63,56.12,38.15,64.4,8.55
222,castro,0,CL,1535590867,85,-42.48,-73.76,42.28,8.66
223,dimona,0,IL,1535590999,95,31.07,35.04,68.2,3.74
224,coquimbo,90,CL,1535587200,81,-29.95,-71.34,53.6,5.82
225,deputatskiy,0,RU,1535591000,70,69.3,139.9,56.59,3.96
226,marathon,0,CA,1535590781,87,48.72,-86.38,57.4,5.08
227,san fernando,92,CL,1535587200,93,-34.58,-70.99,50.0,0.83
228,mykolayivka,0,UA,1535591001,67,47.54,30.76,67.57,11.34
229,smoky lake,92,CA,1535591002,78,54.11,-112.47,62.35,3.4
230,vung tau,40,VN,1535589000,88,10.35,107.08,82.4,9.17
231,hamilton,20,BM,1535586900,74,32.3,-64.78,82.4,4.7
232,thanh hoa,12,VN,1535591004,95,10.21,106.33,78.82,5.97
233,rio grande,92,BR,1535591004,92,-32.03,-52.1,60.82,5.64
234,rocha,12,UY,1535591005,89,-34.48,-54.34,64.78,6.98
235,nizhniy tsasuchey,0,RU,1535591006,82,50.52,115.13,59.02,4.63
236,fortuna,40,ES,1535589000,83,38.18,-1.13,78.8,8.05
237,bay roberts,90,CA,1535588700,87,47.58,-53.28,53.6,10.29
238,longido,48,TZ,1535591008,72,-2.73,36.7,57.58,4.41
239,yuncheng,48,CN,1535591008,81,35.03,111.0,74.32,7.76
240,zeya,0,RU,1535591009,71,53.74,127.27,62.26,3.06
241,itaituba,0,BR,1535591010,78,-4.26,-55.99,79.27,2.95
242,elban,88,RU,1535591010,92,50.1,136.51,61.18,5.19
243,nkongsamba,64,CM,1535591011,91,4.95,9.94,66.31,1.95
244,marsh harbour,36,BS,1535591011,98,26.54,-77.06,84.04,15.59
245,waunakee,40,US,1535590560,88,43.19,-89.46,64.58,6.98
246,san quintin,40,PH,1535587200,83,17.54,120.52,78.8,2.24
247,gerash,0,IR,1535587200,34,27.67,54.14,82.4,0.6
248,inhambane,8,MZ,1535591014,100,-23.87,35.38,62.08,6.2
249,manyana,0,AU,1535587200,37,-35.26,150.51,55.4,6.93
250,khatanga,64,RU,1535591015,85,71.98,102.47,49.12,13.47
251,skibbereen,75,IE,1535589000,71,51.55,-9.27,53.6,5.82
252,tucumcari,1,US,1535586780,35,35.17,-103.73,89.96,16.11
253,sabha,0,LY,1535591017,29,27.03,14.43,84.67,11.56
254,point pedro,32,LK,1535591017,97,9.82,80.23,82.15,10.56
255,san luis,0,AR,1535590835,30,-33.3,-66.34,61.9,13.13
256,araouane,0,ML,1535591019,38,18.9,-3.53,86.74,8.32
257,avera,40,US,1535589300,70,33.19,-82.53,89.06,4.07
258,marystown,8,CA,1535591020,82,47.17,-55.16,66.76,8.43
259,kozhva,0,RU,1535591020,92,65.11,57.05,41.11,5.64
260,nishihara,20,JP,1535589120,70,35.74,139.53,87.8,3.36
261,gibara,75,CU,1535586600,83,21.11,-76.13,80.6,10.29
262,pahrump,1,US,1535587080,2,36.21,-115.98,98.96,13.87
263,atikokan,0,CA,1535591022,65,48.76,-91.62,63.52,4.07
264,kodiak,1,US,1535586780,59,39.95,-94.76,75.92,8.05
265,teguise,12,ES,1535589000,73,29.06,-13.56,71.6,18.34
266,cazones,20,MX,1535586000,62,20.72,-97.32,86.0,9.17
267,sao gabriel da cachoeira,64,BR,1535591025,98,-0.13,-67.09,74.23,1.72
268,srednekolymsk,8,RU,1535591026,67,67.46,153.71,55.15,3.18
269,bajil,0,ES,1535591026,94,38.23,-2.07,59.65,2.62
270,shenjiamen,56,CN,1535591027,91,29.96,122.3,82.42,23.64
271,saint-augustin,0,FR,1535589000,82,44.83,-0.61,59.0,2.24
272,chake chake,0,TZ,1535591028,95,-5.25,39.77,77.83,15.03
273,pangai,20,TO,1535587200,57,-19.8,-174.35,78.8,13.87
274,leningradskiy,92,RU,1535591029,100,69.38,178.42,37.24,6.76
275,gat,90,SN,1535587200,94,14.69,-16.54,77.0,2.24
276,gazanjyk,0,TM,1535591030,35,39.24,55.52,73.24,15.82
277,codrington,0,AU,1535591030,63,-28.95,153.24,59.47,3.51
278,fallon,1,US,1535586960,29,46.84,-105.12,78.98,9.17
279,selenginsk,40,RU,1535587200,77,52.01,106.87,60.8,2.24
280,aksarka,0,RU,1535591032,89,66.56,67.8,41.65,14.03
281,haines junction,8,CA,1535591033,61,60.75,-137.51,52.18,2.62
282,college,40,US,1535587080,56,64.86,-147.8,57.92,6.93
283,panama city,90,US,1535589360,83,30.16,-85.65,80.06,9.17
284,beringovskiy,92,RU,1535591034,100,63.05,179.32,48.85,23.09
285,san jose,32,PH,1535590860,95,15.79,120.99,76.66,1.16
286,villiers,0,ZA,1535591036,63,-27.03,28.6,37.6,3.4
287,tarko-sale,12,RU,1535591036,94,64.92,77.78,45.7,11.45
288,hami,32,CN,1535591037,61,42.84,93.51,67.84,1.61
289,necochea,0,AR,1535590829,81,-38.55,-58.74,50.47,10.11
290,patacamaya,80,BO,1535591038,60,-17.23,-67.92,43.54,4.41
291,tawang,68,BT,1535591038,94,27.59,91.87,51.37,0.83
292,aden,92,YE,1535591039,86,12.79,45.03,79.09,26.44
293,padang,8,ID,1535591039,100,-0.92,100.36,80.62,3.74
294,pevek,88,RU,1535591040,97,69.7,170.27,45.88,4.97
295,tezu,48,IN,1535591040,92,27.93,96.16,66.4,0.94
296,ponta do sol,56,BR,1535591042,61,-20.63,-46.0,66.67,7.2
297,nouadhibou,0,MR,1535587200,78,20.93,-17.03,71.6,5.41
298,nassau,0,DE,1535588400,67,51.17,13.51,60.8,9.17
299,hualmay,32,PE,1535591044,93,-11.1,-77.61,58.48,5.08
300,luan,0,CH,1535590200,88,46.36,6.98,64.4,2.24
301,kamina,0,CD,1535591045,58,-8.74,25.0,60.55,5.3
302,itarema,0,BR,1535590993,70,-2.92,-39.92,79.36,15.48
303,la libertad,0,PE,1535587200,24,-16.38,-71.56,57.2,2.24
304,rawicz,0,PL,1535589000,82,51.61,16.87,57.2,6.93
305,oistins,40,BB,1535587200,83,13.07,-59.53,82.4,10.29
306,the pas,90,CA,1535587200,67,53.82,-101.24,62.6,13.87
307,georgetown,20,GY,1535587200,94,6.8,-58.16,77.0,4.7
308,ponta pora,0,BR,1535591050,51,-22.54,-55.73,75.4,9.44
309,hanzhong,20,CN,1535591051,77,33.08,107.03,71.98,2.95
310,collie,92,AU,1535591052,94,-33.36,116.15,51.55,15.26
311,namibe,80,AO,1535590984,100,-15.19,12.15,65.68,8.99
312,victoria,75,BN,1535589000,78,5.28,115.24,84.2,3.36
313,flinders,0,AU,1535587200,37,-34.58,150.85,55.4,6.93
314,owando,64,CG,1535591055,95,-0.49,15.91,70.18,3.06
315,ancud,0,CL,1535591055,72,-41.87,-73.83,43.54,8.21
316,noyabrsk,80,RU,1535591056,95,63.2,75.45,49.48,12.8
317,barcarena,75,BR,1535587200,94,-1.51,-48.62,75.2,4.7
318,katherine,0,AU,1535589000,48,-14.47,132.26,82.4,11.41
319,bandarban,75,BD,1535587200,88,22.2,92.22,78.8,4.7
320,mezen,0,RU,1535591058,83,65.85,44.24,41.29,3.62
321,portland,1,US,1535590380,43,45.52,-122.67,84.92,6.93
322,cidreira,20,BR,1535591060,94,-30.17,-50.22,60.82,7.76
323,ossora,64,RU,1535591060,100,59.24,163.07,50.02,17.83
324,carutapera,0,BR,1535591057,82,-1.2,-46.02,79.54,10.22
325,corner brook,75,CA,1535587200,76,48.95,-57.95,57.2,2.24
326,maralal,48,KE,1535591062,100,1.1,36.7,56.32,2.39
327,kununurra,0,AU,1535589000,48,-15.77,128.74,84.2,10.29
328,toora-khem,88,RU,1535591063,97,52.47,96.11,48.4,2.62
329,praia da vitoria,20,PT,1535587200,83,38.73,-27.07,75.2,15.03
330,vardo,1,US,1535590500,72,39.62,-77.74,89.06,3.36
331,boueni,75,YT,1535589000,83,-12.9,45.08,73.4,11.41
332,oum hadjer,32,TD,1535591065,88,13.3,19.7,73.87,4.97
333,novyy svit,64,UA,1535591066,31,47.81,38.02,74.05,10.11
334,touros,0,BR,1535591067,76,-5.2,-35.46,76.75,18.05
335,ryotsu,75,JP,1535587200,74,38.08,138.43,82.4,6.93
336,tommot,8,RU,1535591068,76,58.97,126.27,58.12,3.4
337,okhotsk,92,RU,1535591068,92,59.36,143.24,58.3,7.2
338,half moon bay,20,US,1535586960,55,37.46,-122.43,78.8,14.99
339,kitakata,56,JP,1535591069,93,37.67,139.86,72.34,2.28
340,praya,20,ID,1535589000,78,-8.71,116.27,78.8,2.24
341,skeldon,12,GY,1535591071,100,5.88,-57.13,81.16,14.47
342,hervey bay,0,AU,1535591071,86,-25.3,152.85,66.4,7.99
343,dali,92,CN,1535591072,100,25.6,100.24,61.27,1.95
344,limbang,75,BN,1535589000,66,4.75,115.01,84.2,3.36
345,xuchang,90,CN,1535587200,65,34.03,113.82,78.8,6.71
346,spokane,1,US,1535590380,16,47.66,-117.42,82.94,11.41
347,fresnillo,75,MX,1535586900,53,23.17,-102.87,66.2,13.87
348,villafranca de los barros,0,ES,1535591074,85,38.56,-6.34,62.62,3.29
349,parakai,32,NZ,1535589000,93,-36.66,174.44,57.2,8.05
350,guerrero negro,0,MX,1535591075,57,27.97,-114.04,81.25,10.0
351,copiapo,90,CL,1535587200,76,-27.37,-70.33,53.6,8.05
352,dajal,0,PK,1535591076,58,29.56,70.38,83.14,6.64
353,tabas,0,IR,1535591059,38,33.6,56.92,61.27,2.73
354,nelson bay,20,AU,1535589000,51,-32.72,152.14,59.0,11.41
355,ullapool,88,GB,1535591078,100,57.9,-5.16,53.71,16.82
356,constitucion,75,MX,1535586480,49,23.99,-104.67,71.6,4.7
357,batu gajah,75,MY,1535587200,88,4.47,101.04,78.8,3.36
358,akhmim,0,EG,1535591079,58,26.56,31.74,71.98,4.41
359,aitape,76,PG,1535591080,98,-3.15,142.36,80.17,3.74
360,egvekinot,0,RU,1535591081,68,66.32,-179.17,50.65,5.41
361,muravlenko,92,RU,1535591081,97,63.79,74.5,48.76,11.79
362,ostersund,80,SE,1535588400,82,63.18,14.64,55.4,11.41
363,arkhangelsk,20,RU,1535587200,100,64.54,40.54,37.4,2.24
364,tateyama,75,JP,1535587200,62,36.66,137.31,86.0,2.24
365,drayton valley,92,CA,1535591083,95,53.22,-114.98,56.95,3.96
366,lebu,75,ET,1535587200,100,8.96,38.73,53.6,2.24
367,teya,75,MX,1535586300,69,21.05,-89.07,82.4,11.41
368,yanzhou,64,CN,1535591085,87,35.55,116.82,74.5,11.56
369,yaan,88,NG,1535591085,99,7.38,8.57,71.53,6.64
370,batabano,75,CU,1535586900,88,22.72,-82.29,71.6,10.29
371,jiuquan,64,CN,1535591086,81,39.73,98.49,56.05,2.39
372,maine-soroa,56,NE,1535591087,76,13.21,12.02,78.37,6.31
373,broome,0,GB,1535588400,100,52.47,1.45,52.16,5.82
374,khartoum,0,SD,1535590800,69,15.59,32.54,78.8,11.41
375,mnogovershinnyy,92,RU,1535591088,91,53.94,139.92,55.87,6.2
376,veraval,0,FR,1535589000,93,49.65,0.71,60.8,5.82
377,la orilla,20,MX,1535591090,73,18.0,-102.23,85.84,6.64
378,douentza,0,ML,1535591091,88,15.01,-2.95,76.21,2.73
379,tierralta,56,CO,1535591091,74,8.17,-76.06,82.42,7.99
380,manaure,0,CO,1535591092,91,11.78,-72.45,82.87,25.21
381,union,1,US,1535590560,47,47.36,-123.1,78.26,21.92
382,dicabisagan,76,PH,1535591093,100,17.08,122.42,77.02,5.19
383,mogwase,0,ZA,1535591093,77,-25.28,27.22,43.54,5.64
384,mayo,90,CA,1535587200,47,63.59,-135.9,59.0,8.05
385,lompoc,1,US,1535589300,49,34.64,-120.46,80.06,13.87
386,daru,92,SL,1535591095,99,7.99,-10.85,71.98,2.28
387,sfantu gheorghe,0,RO,1535589000,82,44.65,26.83,68.0,2.24
388,mtambile,0,TZ,1535591096,95,-5.38,39.7,77.83,15.03
389,nechi,56,CO,1535591096,86,5.59,-75.16,69.28,2.06
390,hereford,12,GB,1535591097,90,52.06,-2.72,41.83,2.84
391,maryborough,0,AU,1535591097,41,-25.54,152.7,65.05,2.95
392,rochegda,0,RU,1535591098,97,62.67,43.41,47.68,5.53
393,pandan,56,PH,1535591098,100,11.72,122.09,82.42,5.08
394,bud,32,NO,1535588400,87,62.91,6.91,55.4,4.7
395,sao filipe,88,CV,1535591099,100,14.9,-24.5,78.46,5.41
396,general roca,75,AR,1535587200,71,-39.03,-67.58,51.8,5.82
397,tigil,92,RU,1535591100,84,57.8,158.67,51.82,6.98
398,la ronge,75,CA,1535587200,72,55.1,-105.3,64.4,6.93
399,mana,0,RS,1535589000,100,43.52,20.24,57.2,1.12
400,were ilu,92,ET,1535591102,100,10.6,39.43,52.27,2.28
401,pundaguitan,64,PH,1535591103,100,6.37,126.17,80.62,5.19
402,axim,88,GH,1535591103,98,4.87,-2.24,76.75,8.55
403,rafraf,20,TN,1535589000,78,37.19,10.18,71.6,2.51
404,huarmey,8,PE,1535590866,71,-10.07,-78.15,60.64,3.62
405,clyde river,90,CA,1535589600,93,70.47,-68.59,35.6,9.17
406,kampot,56,KH,1535591106,87,10.62,104.18,78.46,5.41
407,savonlinna,0,FI,1535588400,82,61.87,28.88,59.0,8.05
408,beyneu,0,KZ,1535591107,52,45.32,55.19,67.3,11.56
409,ola,20,RU,1535587200,63,59.58,151.3,60.8,6.71
410,la palma,64,CO,1535591109,100,5.36,-74.39,65.77,1.83
411,port-gentil,68,GA,1535591109,98,-0.72,8.78,75.67,10.56
412,sistranda,75,NO,1535586600,93,63.73,8.83,51.8,6.93
413,moyale,88,ET,1535591111,58,3.52,39.05,71.53,9.44
414,petropavlovsk-kamchatskiy,0,RU,1535587200,47,53.05,158.65,59.0,11.18
415,trairi,0,BR,1535590961,98,-3.28,-39.27,79.54,20.85
416,anadyr,75,RU,1535587200,81,64.73,177.51,51.8,13.42
417,richards bay,0,ZA,1535591113,77,-28.77,32.06,61.63,10.33
418,coihaique,20,CL,1535587200,69,-45.58,-72.07,35.6,3.36
419,ongandjera,0,NA,1535591114,36,-17.88,15.07,56.32,4.63
420,santa marinella,0,IT,1535588400,94,42.04,11.87,71.6,3.36
421,sokoni,0,CD,1535591115,52,-12.89,28.78,63.25,9.22
422,cascais,0,PT,1535589000,82,38.7,-9.42,64.4,13.87
423,scarborough,56,GB,1535586600,76,54.28,-0.41,51.8,5.82
424,guadalupe y calvo,68,MX,1535591117,87,26.09,-106.96,63.7,1.61
425,damavand,0,IR,1535590800,72,35.72,52.07,80.6,6.93
426,airai,0,TL,1535591119,64,-8.93,125.41,73.78,2.17
427,delta del tigre,0,UY,1535587200,77,-34.76,-56.41,66.2,6.93
428,lichfield,0,GB,1535588400,81,52.68,-1.83,53.6,5.82
429,unai,20,BR,1535590844,50,-16.36,-46.91,66.58,5.41
430,nantucket,1,US,1535589300,83,41.28,-70.1,82.04,13.87
431,port elizabeth,1,US,1535586960,76,39.31,-74.98,89.06,11.23
432,antofagasta,90,CL,1535587200,71,-23.65,-70.4,57.2,10.29
433,aswan,0,EG,1535587200,33,24.09,32.9,86.0,6.93
434,khor,100,RU,1535591122,100,47.88,134.96,63.07,3.96
435,iguape,0,BR,1535591123,100,-24.7,-47.56,64.24,10.56
436,nikolsk,88,RU,1535591123,68,59.53,45.45,60.73,6.53
437,kathu,12,ZA,1535591124,51,-27.7,23.05,44.17,7.31
438,garden city,1,US,1535590260,90,40.73,-73.63,91.94,6.93
439,port angeles,75,US,1535590560,77,48.12,-123.43,69.8,8.05
440,farafangana,76,MG,1535591126,100,-22.82,47.83,70.9,15.59
441,mitu,0,IR,1535591126,65,36.2,46.09,50.56,1.72
442,bathsheba,40,BB,1535587200,83,13.22,-59.52,82.4,10.29
443,montes claros,0,BR,1535591127,69,-16.73,-43.87,64.87,12.24
444,pontes e lacerda,8,BR,1535591128,94,-15.23,-59.33,70.36,2.73
445,oga,68,NG,1535591129,96,8.18,5.65,72.34,5.53
446,floro,92,NO,1535588400,76,61.6,5.03,55.4,13.87
447,ust-omchug,8,RU,1535591129,46,61.13,149.63,53.8,3.4
448,lasa,0,CY,1535589000,78,34.92,32.53,75.2,5.82
449,belle glade,1,US,1535589300,100,26.68,-80.67,84.02,5.82
450,tilichiki,76,RU,1535591131,88,60.47,166.1,50.2,12.12
451,dhanera,92,IN,1535591131,89,24.51,72.02,75.58,8.43
452,madison,1,US,1535588100,76,43.07,-89.38,66.92,5.82
453,shubarshi,0,KZ,1535591132,76,48.59,57.19,49.48,2.51
454,porbandar,100,IN,1535591133,96,21.64,69.61,77.92,15.82
455,deder,92,ET,1535591134,95,9.31,41.44,62.98,2.84
456,tessalit,8,ML,1535591134,53,20.2,1.01,80.98,6.98
457,takoradi,80,GH,1535591135,99,4.89,-1.75,74.95,6.31
458,lata,80,IN,1535591135,100,30.78,78.62,59.47,0.27
459,adrar,0,DZ,1535587200,15,27.87,-0.29,93.2,18.34
460,karratha,0,AU,1535591136,63,-20.74,116.85,56.86,12.01
461,brilon,75,DE,1535588400,93,51.4,8.57,62.6,5.82
462,sao jose da coroa grande,92,BR,1535591137,100,-8.9,-35.15,71.71,8.66
463,petit goave,75,HT,1535587200,69,18.43,-72.87,82.4,5.82
464,isangel,92,VU,1535591080,100,-19.55,169.27,71.98,14.03
465,justice,75,US,1535589900,77,41.74,-87.84,71.06,8.05
466,russell,0,AR,1535587200,48,-33.01,-68.8,64.4,6.93
467,muscat,40,OM,1535590200,89,23.6,58.55,84.2,1.05
468,muli,92,IN,1535591140,96,22.62,71.45,75.4,8.77
469,keskin,8,TR,1535591141,96,39.67,33.62,54.52,2.39
470,svoge,0,BG,1535589000,87,42.96,23.35,60.8,2.95
471,havelock,20,US,1535587080,91,34.88,-76.9,82.04,8.05
472,san policarpo,64,PH,1535591142,99,12.18,125.51,81.7,3.96
473,severobaykalsk,68,RU,1535591143,77,55.65,109.32,52.36,1.61
474,aklavik,20,CA,1535587200,50,68.22,-135.01,51.8,6.93
475,qaqortoq,92,GL,1535586600,61,60.72,-46.03,46.4,32.21
476,taksimo,0,RU,1535591145,87,56.36,114.84,53.08,2.06
477,loksa,75,EE,1535588400,77,59.58,25.72,62.6,5.82
478,rwamagana,75,RW,1535589000,93,-1.95,30.43,60.8,4.7
479,ningyang,20,CN,1535590888,82,35.76,116.79,75.31,7.65
480,erzin,0,TR,1535588400,83,36.95,36.2,75.2,4.7
481,kaniama,8,CD,1535591148,35,-7.57,24.18,68.47,5.41
482,kanganpur,0,IN,1535591148,90,29.52,75.05,79.36,2.95
483,biharamulo,32,TZ,1535591149,81,-2.64,31.31,57.76,3.74
484,bako,88,NG,1535591150,97,9.68,6.4,71.8,3.18
485,beaverlodge,75,CA,1535587200,39,55.21,-119.43,66.2,14.99
486,wanaka,8,NZ,1535591151,76,-44.7,169.14,43.45,2.51
487,naryan-mar,76,RU,1535591151,91,67.67,53.09,47.32,9.1
488,carballo,40,ES,1535589000,93,43.21,-8.69,59.0,4.52
489,carnot,92,CF,1535591152,93,4.94,15.87,68.83,4.97
490,sobolevo,88,RU,1535591153,94,54.43,31.9,59.02,3.74
491,pueblo,1,US,1535589300,28,38.25,-104.61,87.08,14.99
492,saint-paul,0,FR,1535589000,82,45.22,1.9,57.2,8.05
493,lamu,76,ID,1535591154,96,0.57,122.3,76.3,2.17
494,kalofer,0,BG,1535589000,68,42.61,24.97,68.0,2.39
495,sabang,0,PH,1535591155,92,13.72,123.58,82.6,2.73
496,dwarka,40,IN,1535587200,100,28.58,77.04,78.8,3.36
497,rockport,1,US,1535590380,74,28.02,-97.05,87.08,8.05
498,kloulklubed,75,PW,1535586600,78,7.04,134.26,82.4,10.29
499,husavik,0,CA,1535591157,78,50.56,-96.99,65.86,8.21
500,grindavik,40,IS,1535589000,80,63.84,-22.43,42.8,6.93
501,pierre,1,US,1535590380,41,44.37,-100.35,77.0,17.22
502,warri,88,NG,1535591159,96,5.52,5.75,74.77,3.74
503,yatou,75,CM,1535587200,100,3.63,9.81,77.0,1.12
504,taywarah,0,AF,1535591160,78,33.35,64.42,34.45,2.17
505,severnyy-kospashskiy,24,RU,1535591160,98,59.09,57.8,52.0,8.32
506,sydney,0,AU,1535589000,47,-33.85,151.22,57.2,6.93
507,monastyrshchina,88,RU,1535591162,94,54.35,31.84,59.02,3.74
508,valdivia,0,CL,1535587200,100,-39.81,-73.25,39.2,2.24
509,lorengau,56,PG,1535591163,100,-2.02,147.27,78.64,2.73
510,taucha,0,DE,1535588400,49,51.38,12.49,68.0,6.93
511,ust-nera,0,RU,1535591164,50,64.57,143.24,54.07,2.51
512,sol-iletsk,0,RU,1535591221,79,51.16,55.0,50.47,2.73
513,kiama,0,AU,1535587200,37,-34.67,150.86,55.4,6.93
514,marzuq,68,YE,1535591166,61,14.4,46.47,69.82,2.95
515,normandin,90,CA,1535587200,100,48.84,-72.53,53.6,9.17
516,phalodi,48,IN,1535591167,65,27.13,72.36,84.04,11.23
517,paris,0,FR,1535589000,82,48.86,2.35,60.8,3.36
518,launceston,75,AU,1535589000,61,-41.43,147.14,48.2,11.41
519,kavaratti,76,IN,1535591168,100,10.57,72.64,77.65,14.47
520,marsa matruh,40,EG,1535587200,74,31.35,27.25,78.8,4.7
521,french harbor,20,HN,1535587200,79,16.35,-86.43,84.2,17.22
522,ouesso,32,CG,1535591169,95,1.61,16.05,72.52,2.17
523,fort nelson,90,CA,1535587200,87,58.81,-122.69,53.6,10.29
524,neiafu,40,TO,1535587200,65,-18.65,-173.98,78.8,17.22
525,merrill,1,US,1535586780,19,42.03,-121.6,82.94,5.82
526,lagoa,0,PT,1535589000,53,37.14,-8.45,71.6,4.7
527,vangaindrano,0,MG,1535591172,93,-23.35,47.6,58.75,5.3
528,turukhansk,92,RU,1535591000,98,65.8,87.96,49.12,14.47
529,fort smith,75,US,1535589300,78,35.39,-94.42,82.94,4.7
530,paamiut,92,GL,1535591077,98,61.99,-49.67,42.1,18.05
531,badarpur,92,IN,1535591175,99,24.87,92.56,75.13,4.74
532,sault sainte marie,90,CA,1535587200,77,46.49,-84.36,59.0,10.29
533,roebourne,0,AU,1535591176,63,-20.77,117.15,56.86,12.01
534,grand gaube,20,MU,1535590800,82,-20.01,57.66,60.8,5.82
535,manoel urbano,0,BR,1535591177,71,-8.84,-69.26,83.32,1.95
536,altamira,0,BR,1535591178,69,-3.2,-52.21,81.52,4.29
537,san andres,32,PH,1535591178,100,13.32,122.68,78.28,5.53
538,ust-kut,64,RU,1535591179,95,56.78,105.75,52.45,4.29
539,porto belo,40,BR,1535587200,93,-27.15,-48.54,64.4,5.53
540,ambulu,100,ID,1535591180,100,-8.35,113.61,73.6,4.29
541,auki,24,NG,1535591180,93,12.18,6.51,71.62,4.18
542,libourne,0,FR,1535589000,82,44.91,-0.24,59.0,2.24
543,tres arroyos,0,AR,1535591181,72,-38.38,-60.28,49.84,10.78
544,adre,0,TD,1535591182,91,13.47,22.2,68.2,4.85
545,inuvik,20,CA,1535587200,50,68.36,-133.71,51.8,6.93
546,port lincoln,92,AU,1535590936,100,-34.72,135.86,55.6,19.28
547,lukovetskiy,0,RU,1535589000,100,64.29,41.92,35.6,2.24
548,jolalpan,76,MX,1535591184,47,18.32,-98.85,80.62,3.4
549,tuy hoa,8,VN,1535591184,79,13.08,109.3,83.05,14.25
550,kpandu,88,GH,1535591185,95,7.0,0.29,73.24,3.18
551,coahuayana,92,MX,1535591185,80,18.62,-100.35,72.97,2.06
552,igurusi,8,TZ,1535591186,74,-8.83,33.85,53.98,5.97
553,buchanan,75,LR,1535589000,94,5.88,-10.05,77.0,5.53
554,colombo,40,LK,1535587800,88,6.93,79.85,77.0,6.93
555,buarcos,0,PT,1535587200,87,40.16,-8.88,60.8,6.93
556,kattivakkam,40,IN,1535589000,88,13.22,80.32,80.6,6.93
557,mumford,64,GH,1535591188,94,5.26,-0.76,73.33,7.43
558,newport,0,GB,1535588400,87,51.59,-3.0,51.8,4.7
559,channel-port aux basques,0,CA,1535591189,96,47.57,-59.14,65.05,10.0
560,winslow,48,GB,1535588400,76,51.94,-0.88,53.6,9.17
561,biloela,0,AU,1535591191,45,-24.4,150.51,65.5,5.3
562,putina,75,PE,1535587200,40,-14.91,-69.87,53.6,3.36
563,pervomayskoye,88,RU,1535591191,95,57.07,86.23,53.89,6.42
564,ostrovnoy,0,RU,1535591193,90,68.05,39.51,44.89,11.34
565,corrales,92,CO,1535591193,91,5.83,-72.84,54.25,1.61
566,saint-leu,0,RE,1535589000,55,-21.15,55.28,66.2,4.7
567,alyangula,0,AU,1535591028,93,-13.85,136.42,77.2,3.74
568,whyalla,90,AU,1535589000,28,-33.04,137.58,69.8,34.45
569,formosa do rio preto,0,BR,1535591195,37,-11.04,-45.19,75.4,10.0
570,kautokeino,68,NO,1535591184,81,69.01,23.04,52.18,12.46
571,jhunjhunun,20,IN,1535591120,96,28.13,75.4,76.84,2.95
572,inongo,80,CD,1535591196,89,-1.93,18.29,73.06,3.4
573,hohhot,40,CN,1535587200,68,40.81,111.65,66.2,8.95
574,svetlogorsk,0,RU,1535589000,93,53.14,59.15,48.2,2.24
575,saint-joseph,75,FR,1535589000,83,43.56,6.97,75.2,4.7
576,presidencia roque saenz pena,56,AR,1535591199,94,-26.79,-60.44,67.84,2.62
577,zyryanovsk,88,KZ,1535591199,99,49.74,84.27,51.64,2.39
578,hokitika,92,NZ,1535591199,100,-42.72,170.96,51.37,10.56
579,charlestown,1,US,1535590380,87,41.38,-71.64,82.04,5.82
580,preobrazheniye,92,RU,1535591200,100,42.9,133.91,61.45,2.28
581,sola,32,NO,1535588400,93,58.89,5.65,55.4,4.7
582,udachnyy,88,RU,1535591201,92,66.42,112.4,56.41,3.18
583,prince albert,75,CA,1535587200,46,53.2,-105.75,73.4,6.93
584,komsomolskiy,64,RU,1535591202,82,67.55,63.78,42.19,8.55
585,pangody,48,RU,1535591203,87,65.85,74.49,43.54,10.78
586,lindi,12,TZ,1535591203,77,-10.0,39.71,68.02,5.53
587,baymak,0,RU,1535591204,82,52.6,58.31,43.18,3.18
588,macheng,8,CN,1535591204,89,31.18,115.03,81.25,3.4
589,kalach-na-donu,0,RU,1535589000,43,48.69,43.52,69.8,8.95
590,ayagoz,0,KZ,1535591205,87,47.96,80.43,48.31,8.21
591,zhangye,92,CN,1535591206,95,38.94,100.46,58.12,3.96
592,plettenberg bay,88,ZA,1535591206,100,-34.05,23.37,57.22,6.42
593,coos bay,40,US,1535589300,80,43.37,-124.22,59.0,8.05
594,abonnema,75,NG,1535587200,94,4.71,6.79,75.2,2.95
595,dingle,8,PH,1535591207,85,11.0,122.67,81.52,3.62
596,strezhevoy,75,RU,1535589000,100,60.73,77.6,48.2,4.97
597,zalantun,48,CN,1535591208,85,48.0,122.72,65.14,6.64
598,vieux-habitants,68,GP,1535589000,83,16.06,-61.77,80.6,5.82
599,palmerston,90,CA,1535588100,83,43.83,-80.85,71.6,10.29
600,garowe,0,SO,1535591210,56,8.41,48.48,78.1,14.14
601,ambunti,92,PG,1535591210,100,-4.22,142.82,73.24,2.84
602,garbolovo,90,RU,1535589000,93,60.34,30.5,59.0,6.71
603,morristown,1,US,1535589300,84,36.21,-83.29,77.9,3.36
604,sinnamary,12,GF,1535591212,97,5.38,-52.96,81.7,13.24
605,benguela,64,AO,1535591212,100,-12.58,13.4,67.57,3.96
606,xiaoweizhai,88,CN,1535591213,85,26.23,107.51,73.15,3.4
607,monte alegre,0,BR,1535591214,58,-2.0,-54.07,83.68,5.08
608,ellisras,0,ZA,1535591048,69,-23.67,27.74,53.53,7.76
609,road town,1,VG,1535586780,74,18.42,-64.62,82.94,16.11
610,tabuk,88,PH,1535591215,96,17.41,121.44,71.08,2.06
611,alekseyevsk,92,RU,1535591215,96,57.84,108.35,55.78,2.95
612,peleduy,0,RU,1535591032,87,59.63,112.75,61.81,2.28
613,darhan,68,MN,1535591216,95,49.49,105.92,60.46,4.41
614,puerto carreno,40,CO,1535587200,94,6.19,-67.49,77.0,2.39
615,beloha,0,MG,1535591217,86,-25.17,45.06,57.31,8.43
616,filimonovo,76,RU,1535591218,46,54.21,39.6,65.5,7.76
617,oleksandrivka,44,UA,1535591219,34,48.74,37.49,71.8,8.99
618,negombo,40,LK,1535587800,88,7.21,79.83,77.0,6.93
619,viedma,68,AR,1535591220,62,-40.81,-62.99,45.34,5.3
620,natal,0,BR,1535587200,73,-5.81,-35.21,75.2,10.29
621,sitka,76,US,1535590983,64,37.17,-99.65,80.44,8.43
622,rurrenabaque,8,BO,1535591222,61,-14.44,-67.53,76.93,2.17
623,santa marta,75,CO,1535587200,70,11.24,-74.21,87.8,20.07
624,kihei,40,US,1535586960,61,20.76,-156.45,86.0,21.92
625,chapleau,90,CA,1535587200,87,47.85,-83.4,48.2,5.82
626,caravelas,88,BR,1535591224,100,-17.73,-39.27,75.58,15.03
627,gap,8,FR,1535591224,100,44.56,6.08,52.18,1.95
628,esperance,20,TT,1535587200,88,10.24,-61.45,80.6,4.7
629,anloga,40,GH,1535587200,83,5.79,0.9,78.8,6.93
630,mocuba,76,MZ,1535591226,92,-16.84,36.99,66.58,5.3
631,sheltozero,100,RU,1535591227,100,61.37,35.37,57.67,16.37
632,havre-saint-pierre,90,CA,1535589540,87,50.23,-63.6,55.4,7.2
633,cockburn town,24,TC,1535591018,96,21.46,-71.14,83.59,21.3
634,galesong,75,ID,1535589000,88,-5.32,119.37,77.0,3.36
635,khuzhir,92,RU,1535591228,90,53.19,107.35,59.29,4.63
636,berlevag,12,NO,1535591229,74,70.86,29.09,56.14,15.26
637,pochutla,90,MX,1535586780,83,15.74,-96.47,82.4,11.41
638,banjar,76,ID,1535591231,97,-7.37,108.54,69.37,3.18
639,borgarnes,75,IS,1535587200,70,64.54,-21.92,42.8,5.82
640,kalmunai,0,LK,1535591232,100,7.42,81.82,71.35,3.51
641,the valley,20,AI,1535587200,78,18.22,-63.06,82.4,9.17
642,batemans bay,0,AU,1535591233,85,-35.71,150.18,51.37,2.84
643,lufilufi,0,WS,1535591234,100,-13.87,-171.6,81.79,20.18
644,guasdualito,75,VE,1535587200,94,7.24,-70.73,77.0,3.36
645,fernie,75,CA,1535590080,32,49.5,-115.06,73.4,9.17
646,black river,40,JM,1535587200,74,18.03,-77.85,84.2,6.93
647,flores,68,GT,1535591236,94,16.93,-89.89,78.37,4.74
648,ulagan,76,RU,1535591236,90,50.63,87.96,33.1,2.51
649,kindu,32,CD,1535591237,94,-2.95,25.92,70.9,1.95
650,barcelos,0,PT,1535589000,93,41.53,-8.62,57.2,3.36
651,phan thiet,8,VN,1535590981,98,10.93,108.1,78.82,9.66
652,tondano,20,ID,1535589000,74,1.3,124.91,84.2,3.36
653,puerto baquerizo moreno,75,EC,1535587200,88,-0.9,-89.6,69.8,13.87
654,challapata,24,BO,1535591239,64,-18.9,-66.78,34.27,5.41
655,diffa,48,NE,1535591240,76,13.32,12.61,79.18,7.99
656,kenai,1,US,1535586780,51,60.55,-151.26,62.96,3.36
657,henties bay,0,NA,1535591241,89,-22.12,14.28,58.48,6.42
658,santander,40,PH,1535587200,83,9.42,123.33,82.4,9.17
659,qasigiannguit,75,GL,1535586600,69,68.82,-51.19,37.4,9.17
660,kabompo,0,ZM,1535591242,56,-13.6,24.21,57.4,11.01
661,tolaga bay,92,NZ,1535591243,100,-38.37,178.3,55.33,19.06
662,bibiani,64,GH,1535591243,97,6.45,-2.31,71.71,5.53
663,pangani,92,KE,1535591244,83,-2.37,40.57,77.56,17.94
664,hays,75,US,1535586960,45,38.88,-99.33,78.08,9.17
665,kokorevka,56,RU,1535591245,79,52.59,34.27,63.16,8.88
666,dinar,40,TR,1535588400,52,38.07,30.16,68.0,13.87
667,kirakira,44,SB,1535591246,100,-10.46,161.92,81.61,10.67
668,totness,1,US,1535590500,69,33.74,-80.8,89.96,8.05
669,tulsipur,88,IN,1535591247,92,27.53,82.41,77.38,5.41
670,akureyri,0,IS,1535587200,82,65.68,-18.09,32.0,3.36
